pair_id,has_complete_pdb_pair,has_complete_svg_pair,pdb_path_a,svg_path_a,compound_name_a,atom_count_a,heavy_atom_count_a,element_counts_a,pdb_path_b,svg_path_b,compound_name_b,atom_count_b,heavy_atom_count_b,element_counts_b,atom_count_delta,heavy_atom_count_delta
001,True,True,/Users/ismailcherkaouiaadil/Downloads/dataset_Similarity_Prediction/original_training_set/conformers_3D/best_rocs_conformer_001a.pdb,/Users/ismailcherkaouiaadil/Downloads/dataset_Similarity_Prediction/original_training_set/images_2D/image_molecule_001a.svg,molecule_001a_11,40,17,"{""C"": 14, ""H"": 23, ""N"": 2, ""O"": 1}",/Users/ismailcherkaouiaadil/Downloads/dataset_Similarity_Prediction/original_training_set/conformers_3D/best_rocs_conformer_001b.pdb,/Users/ismailcherkaouiaadil/Downloads/dataset_Similarity_Prediction/original_training_set/images_2D/image_molecule_001b.svg,molecule_001b,47,20,"{""C"": 17, ""H"": 27, ""N"": 2, ""O"": 1}",7,3
002,True,True,/Users/ismailcherkaouiaadil/Downloads/dataset_Similarity_Prediction/original_training_set/conformers_3D/best_rocs_conformer_002a.pdb,/Users/ismailcherkaouiaadil/Downloads/dataset_Similarity_Prediction/original_training_set/images_2D/image_molecule_002a.svg,molecule_002a_30,59,31,"{""C"": 23, ""F"": 1, ""H"": 28, ""N"": 4, ""O"": 3}",/Users/ismailcherkaouiaadil/Downloads/dataset_Similarity_Prediction/original_training_set/conformers_3D/best_rocs_conformer_002b.pdb,/Users/ismailcherkaouiaadil/Downloads/dataset_Similarity_Prediction/original_training_set/images_2D/image_molecule_002b.svg,molecule_002b,58,30,"{""C"": 23, ""F"": 1, ""H"": 28, ""N"": 4, ""O"": 2}",-1,-1
003,True,True,/Users/ismailcherkaouiaadil/Downloads/dataset_Similarity_Prediction/original_training_set/conformers_3D/best_rocs_conformer_003a.pdb,/Users/ismailcherkaouiaadil/Downloads/dataset_Similarity_Prediction/original_training_set/images_2D/image_molecule_003a.svg,molecule_003a_23,28,14,"{""C"": 10, ""H"": 14, ""O"": 4}",/Users/ismailcherkaouiaadil/Downloads/dataset_Similarity_Prediction/original_training_set/conformers_3D/best_rocs_conformer_003b.pdb,/Users/ismailcherkaouiaadil/Downloads/dataset_Similarity_Prediction/original_training_set/images_2D/image_molecule_003b.svg,molecule_003b,47,21,"{""C"": 16, ""H"": 26, ""N"": 1, ""O"": 4}",19,7
004,True,True,/Users/ismailcherkaouiaadil/Downloads/dataset_Similarity_Prediction/original_training_set/conformers_3D/best_rocs_conformer_004a.pdb,/Users/ismailcherkaouiaadil/Downloads/dataset_Similarity_Prediction/original_training_set/images_2D/image_molecule_004a.svg,molecule_004a_72,57,28,"{""C"": 20, ""H"": 29, ""N"": 2, ""O"": 5, ""S"": 1}",/Users/ismailcherkaouiaadil/Downloads/dataset_Similarity_Prediction/original_training_set/conformers_3D/best_rocs_conformer_004b.pdb,/Users/ismailcherkaouiaadil/Downloads/dataset_Similarity_Prediction/original_training_set/images_2D/image_molecule_004b.svg,molecule_004b,30,19,"{""C"": 11, ""F"": 3, ""H"": 11, ""N"": 2, ""O"": 3}",-27,-9
005,True,True,/Users/ismailcherkaouiaadil/Downloads/dataset_Similarity_Prediction/original_training_set/conformers_3D/best_rocs_conformer_005a.pdb,/Users/ismailcherkaouiaadil/Downloads/dataset_Similarity_Prediction/original_training_set/images_2D/image_molecule_005a.svg,molecule_005a_1,24,10,"{""C"": 9, ""H"": 14, ""N"": 1}",/Users/ismailcherkaouiaadil/Downloads/dataset_Similarity_Prediction/original_training_set/conformers_3D/best_rocs_conformer_005b.pdb,/Users/ismailcherkaouiaadil/Downloads/dataset_Similarity_Prediction/original_training_set/images_2D/image_molecule_005b.svg,molecule_005b,27,11,"{""C"": 10, ""H"": 16, ""N"": 1}",3,1
006,True,True,/Users/ismailcherkaouiaadil/Downloads/dataset_Similarity_Prediction/original_training_set/conformers_3D/best_rocs_conformer_006a.pdb,/Users/ismailcherkaouiaadil/Downloads/dataset_Similarity_Prediction/original_training_set/images_2D/image_molecule_006a.svg,molecule_006a_38,43,21,"{""C"": 17, ""H"": 22, ""N"": 1, ""O"": 3}",/Users/ismailcherkaouiaadil/Downloads/dataset_Similarity_Prediction/original_training_set/conformers_3D/best_rocs_conformer_006b.pdb,/Users/ismailcherkaouiaadil/Downloads/dataset_Similarity_Prediction/original_training_set/images_2D/image_molecule_006b.svg,molecule_006b,24,17,"{""C"": 7, ""H"": 7, ""N"": 1, ""O"": 7, ""P"": 2}",-19,-4
007,True,True,/Users/ismailcherkaouiaadil/Downloads/dataset_Similarity_Prediction/original_training_set/conformers_3D/best_rocs_conformer_007a.pdb,/Users/ismailcherkaouiaadil/Downloads/dataset_Similarity_Prediction/original_training_set/images_2D/image_molecule_007a.svg,molecule_007a_15,28,17,"{""C"": 9, ""H"": 11, ""I"": 1, ""N"": 2, ""O"": 5}",/Users/ismailcherkaouiaadil/Downloads/dataset_Similarity_Prediction/original_training_set/conformers_3D/best_rocs_conformer_007b.pdb,/Users/ismailcherkaouiaadil/Downloads/dataset_Similarity_Prediction/original_training_set/images_2D/image_molecule_007b.svg,molecule_007b,31,20,"{""C"": 10, ""F"": 3, ""H"": 11, ""N"": 2, ""O"": 5}",3,3
008,True,True,/Users/ismailcherkaouiaadil/Downloads/dataset_Similarity_Prediction/original_training_set/conformers_3D/best_rocs_conformer_008a.pdb,/Users/ismailcherkaouiaadil/Downloads/dataset_Similarity_Prediction/original_training_set/images_2D/image_molecule_008a.svg,molecule_008a_2,58,26,"{""C"": 23, ""H"": 32, ""N"": 1, ""O"": 2}",/Users/ismailcherkaouiaadil/Downloads/dataset_Similarity_Prediction/original_training_set/conformers_3D/best_rocs_conformer_008b.pdb,/Users/ismailcherkaouiaadil/Downloads/dataset_Similarity_Prediction/original_training_set/images_2D/image_molecule_008b.svg,molecule_008b,28,20,"{""C"": 13, ""F"": 3, ""H"": 8, ""N"": 2, ""O"": 2}",-30,-6
009,True,True,/Users/ismailcherkaouiaadil/Downloads/dataset_Similarity_Prediction/original_training_set/conformers_3D/best_rocs_conformer_009a.pdb,/Users/ismailcherkaouiaadil/Downloads/dataset_Similarity_Prediction/original_training_set/images_2D/image_molecule_009a.svg,molecule_009a_148,45,19,"{""C"": 15, ""H"": 26, ""N"": 1, ""O"": 3}",/Users/ismailcherkaouiaadil/Downloads/dataset_Similarity_Prediction/original_training_set/conformers_3D/best_rocs_conformer_009b.pdb,/Users/ismailcherkaouiaadil/Downloads/dataset_Similarity_Prediction/original_training_set/images_2D/image_molecule_009b.svg,molecule_009b,42,19,"{""C"": 14, ""H"": 23, ""N"": 2, ""O"": 3}",-3,0
010,True,True,/Users/ismailcherkaouiaadil/Downloads/dataset_Similarity_Prediction/original_training_set/conformers_3D/best_rocs_conformer_010a.pdb,/Users/ismailcherkaouiaadil/Downloads/dataset_Similarity_Prediction/original_training_set/images_2D/image_molecule_010a.svg,molecule_010a_27,51,25,"{""C"": 20, ""H"": 26, ""N"": 3, ""O"": 2}",/Users/ismailcherkaouiaadil/Downloads/dataset_Similarity_Prediction/original_training_set/conformers_3D/best_rocs_conformer_010b.pdb,/Users/ismailcherkaouiaadil/Downloads/dataset_Similarity_Prediction/original_training_set/images_2D/image_molecule_010b.svg,molecule_010b,48,24,"{""C"": 19, ""H"": 24, ""N"": 3, ""O"": 2}",-3,-1
011,True,True,/Users/ismailcherkaouiaadil/Downloads/dataset_Similarity_Prediction/original_training_set/conformers_3D/best_rocs_conformer_011a.pdb,/Users/ismailcherkaouiaadil/Downloads/dataset_Similarity_Prediction/original_training_set/images_2D/image_molecule_011a.svg,molecule_011a_0,57,25,"{""C"": 22, ""H"": 32, ""O"": 3}",/Users/ismailcherkaouiaadil/Downloads/dataset_Similarity_Prediction/original_training_set/conformers_3D/best_rocs_conformer_011b.pdb,/Users/ismailcherkaouiaadil/Downloads/dataset_Similarity_Prediction/original_training_set/images_2D/image_molecule_011b.svg,molecule_011b,55,25,"{""C"": 22, ""H"": 30, ""O"": 3}",-2,0
012,True,True,/Users/ismailcherkaouiaadil/Downloads/dataset_Similarity_Prediction/original_training_set/conformers_3D/best_rocs_conformer_012a.pdb,/Users/ismailcherkaouiaadil/Downloads/dataset_Similarity_Prediction/original_training_set/images_2D/image_molecule_012a.svg,molecule_012a_17,51,21,"{""C"": 19, ""H"": 30, ""N"": 1, ""O"": 1}",/Users/ismailcherkaouiaadil/Downloads/dataset_Similarity_Prediction/original_training_set/conformers_3D/best_rocs_conformer_012b.pdb,/Users/ismailcherkaouiaadil/Downloads/dataset_Similarity_Prediction/original_training_set/images_2D/image_molecule_012b.svg,molecule_012b,44,22,"{""C"": 15, ""H"": 22, ""N"": 3, ""O"": 3, ""S"": 1}",-7,1
013,True,True,/Users/ismailcherkaouiaadil/Downloads/dataset_Similarity_Prediction/original_training_set/conformers_3D/best_rocs_conformer_013a.pdb,/Users/ismailcherkaouiaadil/Downloads/dataset_Similarity_Prediction/original_training_set/images_2D/image_molecule_013a.svg,molecule_013a_124,52,27,"{""C"": 21, ""CL"": 1, ""H"": 25, ""N"": 2, ""O"": 3}",/Users/ismailcherkaouiaadil/Downloads/dataset_Similarity_Prediction/original_training_set/conformers_3D/best_rocs_conformer_013b.pdb,/Users/ismailcherkaouiaadil/Downloads/dataset_Similarity_Prediction/original_training_set/images_2D/image_molecule_013b.svg,molecule_013b,17,11,"{""C"": 7, ""H"": 6, ""N"": 1, ""O"": 3}",-35,-16
014,True,True,/Users/ismailcherkaouiaadil/Downloads/dataset_Similarity_Prediction/original_training_set/conformers_3D/best_rocs_conformer_014a.pdb,/Users/ismailcherkaouiaadil/Downloads/dataset_Similarity_Prediction/original_training_set/images_2D/image_molecule_014a.svg,molecule_014a_0,34,21,"{""C"": 16, ""CL"": 1, ""H"": 13, ""N"": 2, ""O"": 2}",/Users/ismailcherkaouiaadil/Downloads/dataset_Similarity_Prediction/original_training_set/conformers_3D/best_rocs_conformer_014b.pdb,/Users/ismailcherkaouiaadil/Downloads/dataset_Similarity_Prediction/original_training_set/images_2D/image_molecule_014b.svg,molecule_014b,38,25,"{""C"": 18, ""CL"": 1, ""F"": 1, ""H"": 13, ""N"": 3, ""O"": 2}",4,4
015,True,True,/Users/ismailcherkaouiaadil/Downloads/dataset_Similarity_Prediction/original_training_set/conformers_3D/best_rocs_conformer_015a.pdb,/Users/ismailcherkaouiaadil/Downloads/dataset_Similarity_Prediction/original_training_set/images_2D/image_molecule_015a.svg,molecule_015a_0,57,28,"{""C"": 22, ""F"": 1, ""H"": 29, ""O"": 5}",/Users/ismailcherkaouiaadil/Downloads/dataset_Similarity_Prediction/original_training_set/conformers_3D/best_rocs_conformer_015b.pdb,/Users/ismailcherkaouiaadil/Downloads/dataset_Similarity_Prediction/original_training_set/images_2D/image_molecule_015b.svg,molecule_015b,55,28,"{""C"": 21, ""F"": 1, ""H"": 27, ""O"": 6}",-2,0
016,True,True,/Users/ismailcherkaouiaadil/Downloads/dataset_Similarity_Prediction/original_training_set/conformers_3D/best_rocs_conformer_016a.pdb,/Users/ismailcherkaouiaadil/Downloads/dataset_Similarity_Prediction/original_training_set/images_2D/image_molecule_016a.svg,molecule_016a_163,35,23,"{""C"": 13, ""H"": 12, ""N"": 3, ""O"": 6, ""S"": 1}",/Users/ismailcherkaouiaadil/Downloads/dataset_Similarity_Prediction/original_training_set/conformers_3D/best_rocs_conformer_016b.pdb,/Users/ismailcherkaouiaadil/Downloads/dataset_Similarity_Prediction/original_training_set/images_2D/image_molecule_016b.svg,molecule_016b,41,24,"{""C"": 16, ""H"": 17, ""N"": 3, ""O"": 4, ""S"": 1}",6,1
017,True,True,/Users/ismailcherkaouiaadil/Downloads/dataset_Similarity_Prediction/original_training_set/conformers_3D/best_rocs_conformer_017a.pdb,/Users/ismailcherkaouiaadil/Downloads/dataset_Similarity_Prediction/original_training_set/images_2D/image_molecule_017a.svg,molecule_017a_2,34,18,"{""C"": 14, ""H"": 16, ""N"": 4}",/Users/ismailcherkaouiaadil/Downloads/dataset_Similarity_Prediction/original_training_set/conformers_3D/best_rocs_conformer_017b.pdb,/Users/ismailcherkaouiaadil/Downloads/dataset_Similarity_Prediction/original_training_set/images_2D/image_molecule_017b.svg,molecule_017b,44,24,"{""C"": 16, ""H"": 20, ""N"": 4, ""O"": 3, ""S"": 1}",10,6
018,True,True,/Users/ismailcherkaouiaadil/Downloads/dataset_Similarity_Prediction/original_training_set/conformers_3D/best_rocs_conformer_018a.pdb,/Users/ismailcherkaouiaadil/Downloads/dataset_Similarity_Prediction/original_training_set/images_2D/image_molecule_018a.svg,molecule_018a_94,47,21,"{""C"": 16, ""H"": 26, ""N"": 1, ""O"": 4}",/Users/ismailcherkaouiaadil/Downloads/dataset_Similarity_Prediction/original_training_set/conformers_3D/best_rocs_conformer_018b.pdb,/Users/ismailcherkaouiaadil/Downloads/dataset_Similarity_Prediction/original_training_set/images_2D/image_molecule_018b.svg,molecule_018b,41,19,"{""C"": 16, ""H"": 22, ""N"": 1, ""O"": 2}",-6,-2
019,True,True,/Users/ismailcherkaouiaadil/Downloads/dataset_Similarity_Prediction/original_training_set/conformers_3D/best_rocs_conformer_019a.pdb,/Users/ismailcherkaouiaadil/Downloads/dataset_Similarity_Prediction/original_training_set/images_2D/image_molecule_019a.svg,molecule_019a_7,41,19,"{""C"": 16, ""H"": 22, ""N"": 1, ""O"": 2}",/Users/ismailcherkaouiaadil/Downloads/dataset_Similarity_Prediction/original_training_set/conformers_3D/best_rocs_conformer_019b.pdb,/Users/ismailcherkaouiaadil/Downloads/dataset_Similarity_Prediction/original_training_set/images_2D/image_molecule_019b.svg,molecule_019b,42,18,"{""C"": 15, ""H"": 24, ""N"": 1, ""O"": 2}",1,-1
020,True,True,/Users/ismailcherkaouiaadil/Downloads/dataset_Similarity_Prediction/original_training_set/conformers_3D/best_rocs_conformer_020a.pdb,/Users/ismailcherkaouiaadil/Downloads/dataset_Similarity_Prediction/original_training_set/images_2D/image_molecule_020a.svg,molecule_020a_0,52,22,"{""C"": 20, ""H"": 30, ""O"": 2}",/Users/ismailcherkaouiaadil/Downloads/dataset_Similarity_Prediction/original_training_set/conformers_3D/best_rocs_conformer_020b.pdb,/Users/ismailcherkaouiaadil/Downloads/dataset_Similarity_Prediction/original_training_set/images_2D/image_molecule_020b.svg,molecule_020b,53,32,"{""C"": 22, ""H"": 21, ""N"": 2, ""O"": 8}",1,10
021,True,True,/Users/ismailcherkaouiaadil/Downloads/dataset_Similarity_Prediction/original_training_set/conformers_3D/best_rocs_conformer_021a.pdb,/Users/ismailcherkaouiaadil/Downloads/dataset_Similarity_Prediction/original_training_set/images_2D/image_molecule_021a.svg,molecule_021a_12,34,16,"{""C"": 11, ""H"": 18, ""N"": 2, ""O"": 3}",/Users/ismailcherkaouiaadil/Downloads/dataset_Similarity_Prediction/original_training_set/conformers_3D/best_rocs_conformer_021b.pdb,/Users/ismailcherkaouiaadil/Downloads/dataset_Similarity_Prediction/original_training_set/images_2D/image_molecule_021b.svg,molecule_021b,31,15,"{""C"": 10, ""H"": 16, ""N"": 2, ""O"": 3}",-3,-1
022,True,True,/Users/ismailcherkaouiaadil/Downloads/dataset_Similarity_Prediction/original_training_set/conformers_3D/best_rocs_conformer_022a.pdb,/Users/ismailcherkaouiaadil/Downloads/dataset_Similarity_Prediction/original_training_set/images_2D/image_molecule_022a.svg,molecule_022a_0,33,21,"{""C"": 16, ""CL"": 1, ""F"": 1, ""H"": 12, ""N"": 2, ""O"": 1}",/Users/ismailcherkaouiaadil/Downloads/dataset_Similarity_Prediction/original_training_set/conformers_3D/best_rocs_conformer_022b.pdb,/Users/ismailcherkaouiaadil/Downloads/dataset_Similarity_Prediction/original_training_set/images_2D/image_molecule_022b.svg,molecule_022b,33,20,"{""C"": 16, ""CL"": 1, ""H"": 13, ""N"": 2, ""O"": 1}",0,-1
023,True,True,/Users/ismailcherkaouiaadil/Downloads/dataset_Similarity_Prediction/original_training_set/conformers_3D/best_rocs_conformer_023a.pdb,/Users/ismailcherkaouiaadil/Downloads/dataset_Similarity_Prediction/original_training_set/images_2D/image_molecule_023a.svg,molecule_023a_30,40,23,"{""C"": 16, ""H"": 17, ""N"": 2, ""O"": 4, ""S"": 1}",/Users/ismailcherkaouiaadil/Downloads/dataset_Similarity_Prediction/original_training_set/conformers_3D/best_rocs_conformer_023b.pdb,/Users/ismailcherkaouiaadil/Downloads/dataset_Similarity_Prediction/original_training_set/images_2D/image_molecule_023b.svg,molecule_023b,46,27,"{""C"": 18, ""H"": 19, ""N"": 3, ""O"": 5, ""S"": 1}",6,4
024,True,True,/Users/ismailcherkaouiaadil/Downloads/dataset_Similarity_Prediction/original_training_set/conformers_3D/best_rocs_conformer_024a.pdb,/Users/ismailcherkaouiaadil/Downloads/dataset_Similarity_Prediction/original_training_set/images_2D/image_molecule_024a.svg,molecule_024a_151,28,14,"{""C"": 10, ""H"": 14, ""O"": 4}",/Users/ismailcherkaouiaadil/Downloads/dataset_Similarity_Prediction/original_training_set/conformers_3D/best_rocs_conformer_024b.pdb,/Users/ismailcherkaouiaadil/Downloads/dataset_Similarity_Prediction/original_training_set/images_2D/image_molecule_024b.svg,molecule_024b,45,19,"{""C"": 16, ""H"": 26, ""N"": 1, ""O"": 2}",17,5
025,True,True,/Users/ismailcherkaouiaadil/Downloads/dataset_Similarity_Prediction/original_training_set/conformers_3D/best_rocs_conformer_025a.pdb,/Users/ismailcherkaouiaadil/Downloads/dataset_Similarity_Prediction/original_training_set/images_2D/image_molecule_025a.svg,molecule_025a_98,58,26,"{""C"": 22, ""H"": 32, ""N"": 1, ""O"": 3}",/Users/ismailcherkaouiaadil/Downloads/dataset_Similarity_Prediction/original_training_set/conformers_3D/best_rocs_conformer_025b.pdb,/Users/ismailcherkaouiaadil/Downloads/dataset_Similarity_Prediction/original_training_set/images_2D/image_molecule_025b.svg,molecule_025b,42,24,"{""C"": 22, ""H"": 18, ""N"": 2}",-16,-2
026,True,True,/Users/ismailcherkaouiaadil/Downloads/dataset_Similarity_Prediction/original_training_set/conformers_3D/best_rocs_conformer_026a.pdb,/Users/ismailcherkaouiaadil/Downloads/dataset_Similarity_Prediction/original_training_set/images_2D/image_molecule_026a.svg,molecule_026a_1,41,23,"{""C"": 16, ""F"": 1, ""H"": 18, ""N"": 3, ""O"": 3}",/Users/ismailcherkaouiaadil/Downloads/dataset_Similarity_Prediction/original_training_set/conformers_3D/best_rocs_conformer_026b.pdb,/Users/ismailcherkaouiaadil/Downloads/dataset_Similarity_Prediction/original_training_set/images_2D/image_molecule_026b.svg,molecule_026b,35,22,"{""C"": 17, ""H"": 13, ""N"": 2, ""O"": 3}",-6,-1
027,True,True,/Users/ismailcherkaouiaadil/Downloads/dataset_Similarity_Prediction/original_training_set/conformers_3D/best_rocs_conformer_027a.pdb,/Users/ismailcherkaouiaadil/Downloads/dataset_Similarity_Prediction/original_training_set/images_2D/image_molecule_027a.svg,molecule_027a_1,29,13,"{""C"": 11, ""H"": 16, ""N"": 1, ""O"": 1}",/Users/ismailcherkaouiaadil/Downloads/dataset_Similarity_Prediction/original_training_set/conformers_3D/best_rocs_conformer_027b.pdb,/Users/ismailcherkaouiaadil/Downloads/dataset_Similarity_Prediction/original_training_set/images_2D/image_molecule_027b.svg,molecule_027b,23,12,"{""C"": 9, ""H"": 11, ""N"": 1, ""O"": 2}",-6,-1
028,True,True,/Users/ismailcherkaouiaadil/Downloads/dataset_Similarity_Prediction/original_training_set/conformers_3D/best_rocs_conformer_028a.pdb,/Users/ismailcherkaouiaadil/Downloads/dataset_Similarity_Prediction/original_training_set/images_2D/image_molecule_028a.svg,molecule_028a_46,24,13,"{""C"": 9, ""CL"": 1, ""H"": 11, ""O"": 3}",/Users/ismailcherkaouiaadil/Downloads/dataset_Similarity_Prediction/original_training_set/conformers_3D/best_rocs_conformer_028b.pdb,/Users/ismailcherkaouiaadil/Downloads/dataset_Similarity_Prediction/original_training_set/images_2D/image_molecule_028b.svg,molecule_028b,52,27,"{""C"": 21, ""CL"": 1, ""H"": 25, ""N"": 2, ""O"": 3}",28,14
029,True,True,/Users/ismailcherkaouiaadil/Downloads/dataset_Similarity_Prediction/original_training_set/conformers_3D/best_rocs_conformer_029a.pdb,/Users/ismailcherkaouiaadil/Downloads/dataset_Similarity_Prediction/original_training_set/images_2D/image_molecule_029a.svg,molecule_029a_3,31,21,"{""C"": 15, ""CL"": 2, ""H"": 10, ""N"": 2, ""O"": 2}",/Users/ismailcherkaouiaadil/Downloads/dataset_Similarity_Prediction/original_training_set/conformers_3D/best_rocs_conformer_029b.pdb,/Users/ismailcherkaouiaadil/Downloads/dataset_Similarity_Prediction/original_training_set/images_2D/image_molecule_029b.svg,molecule_029b,31,20,"{""C"": 15, ""CL"": 1, ""H"": 11, ""N"": 2, ""O"": 2}",0,-1
030,True,True,/Users/ismailcherkaouiaadil/Downloads/dataset_Similarity_Prediction/original_training_set/conformers_3D/best_rocs_conformer_030a.pdb,/Users/ismailcherkaouiaadil/Downloads/dataset_Similarity_Prediction/original_training_set/images_2D/image_molecule_030a.svg,molecule_030a_102,60,32,"{""C"": 21, ""H"": 28, ""N"": 3, ""O"": 7, ""S"": 1}",/Users/ismailcherkaouiaadil/Downloads/dataset_Similarity_Prediction/original_training_set/conformers_3D/best_rocs_conformer_030b.pdb,/Users/ismailcherkaouiaadil/Downloads/dataset_Similarity_Prediction/original_training_set/images_2D/image_molecule_030b.svg,molecule_030b,28,14,"{""C"": 10, ""H"": 14, ""O"": 4}",-32,-18
031,True,True,/Users/ismailcherkaouiaadil/Downloads/dataset_Similarity_Prediction/original_training_set/conformers_3D/best_rocs_conformer_031a.pdb,/Users/ismailcherkaouiaadil/Downloads/dataset_Similarity_Prediction/original_training_set/images_2D/image_molecule_031a.svg,molecule_031a_4,45,24,"{""C"": 18, ""H"": 21, ""O"": 5, ""S"": 1}",/Users/ismailcherkaouiaadil/Downloads/dataset_Similarity_Prediction/original_training_set/conformers_3D/best_rocs_conformer_031b.pdb,/Users/ismailcherkaouiaadil/Downloads/dataset_Similarity_Prediction/original_training_set/images_2D/image_molecule_031b.svg,molecule_031b,42,20,"{""C"": 18, ""H"": 22, ""O"": 2}",-3,-4
032,True,True,/Users/ismailcherkaouiaadil/Downloads/dataset_Similarity_Prediction/original_training_set/conformers_3D/best_rocs_conformer_032a.pdb,/Users/ismailcherkaouiaadil/Downloads/dataset_Similarity_Prediction/original_training_set/images_2D/image_molecule_032a.svg,molecule_032a_73,44,25,"{""C"": 16, ""H"": 19, ""N"": 3, ""O"": 5, ""S"": 1}",/Users/ismailcherkaouiaadil/Downloads/dataset_Similarity_Prediction/original_training_set/conformers_3D/best_rocs_conformer_032b.pdb,/Users/ismailcherkaouiaadil/Downloads/dataset_Similarity_Prediction/original_training_set/images_2D/image_molecule_032b.svg,molecule_032b,26,12,"{""C"": 9, ""H"": 14, ""N"": 1, ""O"": 2}",-18,-13
033,True,True,/Users/ismailcherkaouiaadil/Downloads/dataset_Similarity_Prediction/original_training_set/conformers_3D/best_rocs_conformer_033a.pdb,/Users/ismailcherkaouiaadil/Downloads/dataset_Similarity_Prediction/original_training_set/images_2D/image_molecule_033a.svg,molecule_033a_98,43,21,"{""C"": 17, ""H"": 22, ""N"": 1, ""O"": 3}",/Users/ismailcherkaouiaadil/Downloads/dataset_Similarity_Prediction/original_training_set/conformers_3D/best_rocs_conformer_033b.pdb,/Users/ismailcherkaouiaadil/Downloads/dataset_Similarity_Prediction/original_training_set/images_2D/image_molecule_033b.svg,molecule_033b,44,22,"{""C"": 17, ""H"": 22, ""N"": 1, ""O"": 4}",1,1
034,True,True,/Users/ismailcherkaouiaadil/Downloads/dataset_Similarity_Prediction/original_training_set/conformers_3D/best_rocs_conformer_034a.pdb,/Users/ismailcherkaouiaadil/Downloads/dataset_Similarity_Prediction/original_training_set/images_2D/image_molecule_034a.svg,molecule_034a_6,23,12,"{""C"": 9, ""H"": 11, ""N"": 1, ""O"": 2}",/Users/ismailcherkaouiaadil/Downloads/dataset_Similarity_Prediction/original_training_set/conformers_3D/best_rocs_conformer_034b.pdb,/Users/ismailcherkaouiaadil/Downloads/dataset_Similarity_Prediction/original_training_set/images_2D/image_molecule_034b.svg,molecule_034b,49,23,"{""C"": 19, ""H"": 26, ""N"": 1, ""O"": 3}",26,11
035,True,True,/Users/ismailcherkaouiaadil/Downloads/dataset_Similarity_Prediction/original_training_set/conformers_3D/best_rocs_conformer_035a.pdb,/Users/ismailcherkaouiaadil/Downloads/dataset_Similarity_Prediction/original_training_set/images_2D/image_molecule_035a.svg,molecule_035a_8,42,28,"{""C"": 18, ""H"": 14, ""N"": 2, ""O"": 8}",/Users/ismailcherkaouiaadil/Downloads/dataset_Similarity_Prediction/original_training_set/conformers_3D/best_rocs_conformer_035b.pdb,/Users/ismailcherkaouiaadil/Downloads/dataset_Similarity_Prediction/original_training_set/images_2D/image_molecule_035b.svg,molecule_035b,47,27,"{""C"": 17, ""H"": 20, ""N"": 4, ""O"": 6}",5,-1
036,True,True,/Users/ismailcherkaouiaadil/Downloads/dataset_Similarity_Prediction/original_training_set/conformers_3D/best_rocs_conformer_036a.pdb,/Users/ismailcherkaouiaadil/Downloads/dataset_Similarity_Prediction/original_training_set/images_2D/image_molecule_036a.svg,molecule_036a_7,41,23,"{""C"": 16, ""F"": 1, ""H"": 18, ""N"": 3, ""O"": 3}",/Users/ismailcherkaouiaadil/Downloads/dataset_Similarity_Prediction/original_training_set/conformers_3D/best_rocs_conformer_036b.pdb,/Users/ismailcherkaouiaadil/Downloads/dataset_Similarity_Prediction/original_training_set/images_2D/image_molecule_036b.svg,molecule_036b,48,26,"{""C"": 19, ""F"": 1, ""H"": 22, ""N"": 3, ""O"": 3}",7,3
037,True,True,/Users/ismailcherkaouiaadil/Downloads/dataset_Similarity_Prediction/original_training_set/conformers_3D/best_rocs_conformer_037a.pdb,/Users/ismailcherkaouiaadil/Downloads/dataset_Similarity_Prediction/original_training_set/images_2D/image_molecule_037a.svg,molecule_037a_12,46,25,"{""C"": 21, ""H"": 21, ""N"": 1, ""O"": 2, ""S"": 1}",/Users/ismailcherkaouiaadil/Downloads/dataset_Similarity_Prediction/original_training_set/conformers_3D/best_rocs_conformer_037b.pdb,/Users/ismailcherkaouiaadil/Downloads/dataset_Similarity_Prediction/original_training_set/images_2D/image_molecule_037b.svg,molecule_037b,64,33,"{""C"": 22, ""H"": 31, ""N"": 6, ""O"": 4, ""S"": 1}",18,8
038,True,True,/Users/ismailcherkaouiaadil/Downloads/dataset_Similarity_Prediction/original_training_set/conformers_3D/best_rocs_conformer_038a.pdb,/Users/ismailcherkaouiaadil/Downloads/dataset_Similarity_Prediction/original_training_set/images_2D/image_molecule_038a.svg,molecule_038a_0,32,22,"{""C"": 15, ""CL"": 1, ""H"": 10, ""N"": 3, ""O"": 3}",/Users/ismailcherkaouiaadil/Downloads/dataset_Similarity_Prediction/original_training_set/conformers_3D/best_rocs_conformer_038b.pdb,/Users/ismailcherkaouiaadil/Downloads/dataset_Similarity_Prediction/original_training_set/images_2D/image_molecule_038b.svg,molecule_038b,30,19,"{""C"": 11, ""F"": 3, ""H"": 11, ""N"": 2, ""O"": 3}",-2,-3
039,True,True,/Users/ismailcherkaouiaadil/Downloads/dataset_Similarity_Prediction/original_training_set/conformers_3D/best_rocs_conformer_039a.pdb,/Users/ismailcherkaouiaadil/Downloads/dataset_Similarity_Prediction/original_training_set/images_2D/image_molecule_039a.svg,molecule_039a_5,31,19,"{""C"": 15, ""H"": 12, ""N"": 2, ""O"": 2}",/Users/ismailcherkaouiaadil/Downloads/dataset_Similarity_Prediction/original_training_set/conformers_3D/best_rocs_conformer_039b.pdb,/Users/ismailcherkaouiaadil/Downloads/dataset_Similarity_Prediction/original_training_set/images_2D/image_molecule_039b.svg,molecule_039b,22,10,"{""C"": 8, ""H"": 12, ""N"": 2}",-9,-9
040,True,True,/Users/ismailcherkaouiaadil/Downloads/dataset_Similarity_Prediction/original_training_set/conformers_3D/best_rocs_conformer_040a.pdb,/Users/ismailcherkaouiaadil/Downloads/dataset_Similarity_Prediction/original_training_set/images_2D/image_molecule_040a.svg,molecule_040a_5,34,16,"{""C"": 11, ""H"": 18, ""N"": 2, ""O"": 3}",/Users/ismailcherkaouiaadil/Downloads/dataset_Similarity_Prediction/original_training_set/conformers_3D/best_rocs_conformer_040b.pdb,/Users/ismailcherkaouiaadil/Downloads/dataset_Similarity_Prediction/original_training_set/images_2D/image_molecule_040b.svg,molecule_040b,29,15,"{""C"": 10, ""H"": 14, ""N"": 2, ""O"": 3}",-5,-1
041,True,True,/Users/ismailcherkaouiaadil/Downloads/dataset_Similarity_Prediction/original_training_set/conformers_3D/best_rocs_conformer_041a.pdb,/Users/ismailcherkaouiaadil/Downloads/dataset_Similarity_Prediction/original_training_set/images_2D/image_molecule_041a.svg,molecule_041a_165,44,22,"{""C"": 18, ""H"": 22, ""O"": 4}",/Users/ismailcherkaouiaadil/Downloads/dataset_Similarity_Prediction/original_training_set/conformers_3D/best_rocs_conformer_041b.pdb,/Users/ismailcherkaouiaadil/Downloads/dataset_Similarity_Prediction/original_training_set/images_2D/image_molecule_041b.svg,molecule_041b,29,16,"{""C"": 10, ""H"": 13, ""N"": 2, ""O"": 4}",-15,-6
042,True,True,/Users/ismailcherkaouiaadil/Downloads/dataset_Similarity_Prediction/original_training_set/conformers_3D/best_rocs_conformer_042a.pdb,/Users/ismailcherkaouiaadil/Downloads/dataset_Similarity_Prediction/original_training_set/images_2D/image_molecule_042a.svg,molecule_042a_3,30,15,"{""C"": 8, ""H"": 15, ""N"": 1, ""O"": 6}",/Users/ismailcherkaouiaadil/Downloads/dataset_Similarity_Prediction/original_training_set/conformers_3D/best_rocs_conformer_042b.pdb,/Users/ismailcherkaouiaadil/Downloads/dataset_Similarity_Prediction/original_training_set/images_2D/image_molecule_042b.svg,molecule_042b,33,18,"{""C"": 8, ""H"": 15, ""N"": 3, ""O"": 7}",3,3
043,True,True,/Users/ismailcherkaouiaadil/Downloads/dataset_Similarity_Prediction/original_training_set/conformers_3D/best_rocs_conformer_043a.pdb,/Users/ismailcherkaouiaadil/Downloads/dataset_Similarity_Prediction/original_training_set/images_2D/image_molecule_043a.svg,molecule_043a_0,25,15,"{""C"": 9, ""CL"": 2, ""H"": 10, ""N"": 3, ""O"": 1}",/Users/ismailcherkaouiaadil/Downloads/dataset_Similarity_Prediction/original_training_set/conformers_3D/best_rocs_conformer_043b.pdb,/Users/ismailcherkaouiaadil/Downloads/dataset_Similarity_Prediction/original_training_set/images_2D/image_molecule_043b.svg,molecule_043b,40,24,"{""C"": 16, ""CL"": 1, ""H"": 16, ""N"": 3, ""O"": 3, ""S"": 1}",15,9
044,True,True,/Users/ismailcherkaouiaadil/Downloads/dataset_Similarity_Prediction/original_training_set/conformers_3D/best_rocs_conformer_044a.pdb,/Users/ismailcherkaouiaadil/Downloads/dataset_Similarity_Prediction/original_training_set/images_2D/image_molecule_044a.svg,molecule_044a_0,48,22,"{""C"": 20, ""H"": 26, ""O"": 2}",/Users/ismailcherkaouiaadil/Downloads/dataset_Similarity_Prediction/original_training_set/conformers_3D/best_rocs_conformer_044b.pdb,/Users/ismailcherkaouiaadil/Downloads/dataset_Similarity_Prediction/original_training_set/images_2D/image_molecule_044b.svg,molecule_044b,57,25,"{""C"": 22, ""H"": 32, ""O"": 3}",9,3
045,True,True,/Users/ismailcherkaouiaadil/Downloads/dataset_Similarity_Prediction/original_training_set/conformers_3D/best_rocs_conformer_045a.pdb,/Users/ismailcherkaouiaadil/Downloads/dataset_Similarity_Prediction/original_training_set/images_2D/image_molecule_045a.svg,molecule_045a_8,23,14,"{""C"": 8, ""H"": 9, ""N"": 2, ""O"": 4}",/Users/ismailcherkaouiaadil/Downloads/dataset_Similarity_Prediction/original_training_set/conformers_3D/best_rocs_conformer_045b.pdb,/Users/ismailcherkaouiaadil/Downloads/dataset_Similarity_Prediction/original_training_set/images_2D/image_molecule_045b.svg,molecule_045b,47,23,"{""C"": 18, ""H"": 24, ""N"": 1, ""O"": 4}",24,9
046,True,True,/Users/ismailcherkaouiaadil/Downloads/dataset_Similarity_Prediction/original_training_set/conformers_3D/best_rocs_conformer_046a.pdb,/Users/ismailcherkaouiaadil/Downloads/dataset_Similarity_Prediction/original_training_set/images_2D/image_molecule_046a.svg,molecule_046a_7,31,16,"{""C"": 14, ""H"": 15, ""N"": 2}",/Users/ismailcherkaouiaadil/Downloads/dataset_Similarity_Prediction/original_training_set/conformers_3D/best_rocs_conformer_046b.pdb,/Users/ismailcherkaouiaadil/Downloads/dataset_Similarity_Prediction/original_training_set/images_2D/image_molecule_046b.svg,molecule_046b,25,12,"{""C"": 10, ""H"": 13, ""N"": 2}",-6,-4
047,True,True,/Users/ismailcherkaouiaadil/Downloads/dataset_Similarity_Prediction/original_training_set/conformers_3D/best_rocs_conformer_047a.pdb,/Users/ismailcherkaouiaadil/Downloads/dataset_Similarity_Prediction/original_training_set/images_2D/image_molecule_047a.svg,molecule_047a_7,41,23,"{""C"": 16, ""F"": 1, ""H"": 18, ""N"": 3, ""O"": 3}",/Users/ismailcherkaouiaadil/Downloads/dataset_Similarity_Prediction/original_training_set/conformers_3D/best_rocs_conformer_047b.pdb,/Users/ismailcherkaouiaadil/Downloads/dataset_Similarity_Prediction/original_training_set/images_2D/image_molecule_047b.svg,molecule_047b,45,30,"{""C"": 20, ""F"": 3, ""H"": 15, ""N"": 4, ""O"": 3}",4,7
048,True,True,/Users/ismailcherkaouiaadil/Downloads/dataset_Similarity_Prediction/original_training_set/conformers_3D/best_rocs_conformer_048a.pdb,/Users/ismailcherkaouiaadil/Downloads/dataset_Similarity_Prediction/original_training_set/images_2D/image_molecule_048a.svg,molecule_048a_2,17,10,"{""C"": 7, ""H"": 7, ""N"": 1, ""O"": 2}",/Users/ismailcherkaouiaadil/Downloads/dataset_Similarity_Prediction/original_training_set/conformers_3D/best_rocs_conformer_048b.pdb,/Users/ismailcherkaouiaadil/Downloads/dataset_Similarity_Prediction/original_training_set/images_2D/image_molecule_048b.svg,molecule_048b,15,10,"{""C"": 7, ""H"": 5, ""O"": 3}",-2,0
049,True,True,/Users/ismailcherkaouiaadil/Downloads/dataset_Similarity_Prediction/original_training_set/conformers_3D/best_rocs_conformer_049a.pdb,/Users/ismailcherkaouiaadil/Downloads/dataset_Similarity_Prediction/original_training_set/images_2D/image_molecule_049a.svg,molecule_049a_3,29,19,"{""C"": 14, ""CL"": 2, ""H"": 10, ""N"": 1, ""O"": 2}",/Users/ismailcherkaouiaadil/Downloads/dataset_Similarity_Prediction/original_training_set/conformers_3D/best_rocs_conformer_049b.pdb,/Users/ismailcherkaouiaadil/Downloads/dataset_Similarity_Prediction/original_training_set/images_2D/image_molecule_049b.svg,molecule_049b,25,16,"{""C"": 12, ""H"": 9, ""N"": 3, ""O"": 1}",-4,-3
050,True,True,/Users/ismailcherkaouiaadil/Downloads/dataset_Similarity_Prediction/original_training_set/conformers_3D/best_rocs_conformer_050a.pdb,/Users/ismailcherkaouiaadil/Downloads/dataset_Similarity_Prediction/original_training_set/images_2D/image_molecule_050a.svg,molecule_050a_0,25,14,"{""C"": 11, ""H"": 11, ""N"": 1, ""O"": 2}",/Users/ismailcherkaouiaadil/Downloads/dataset_Similarity_Prediction/original_training_set/conformers_3D/best_rocs_conformer_050b.pdb,/Users/ismailcherkaouiaadil/Downloads/dataset_Similarity_Prediction/original_training_set/images_2D/image_molecule_050b.svg,molecule_050b,32,19,"{""C"": 16, ""H"": 13, ""O"": 3}",7,5
051,True,True,/Users/ismailcherkaouiaadil/Downloads/dataset_Similarity_Prediction/original_training_set/conformers_3D/best_rocs_conformer_051a.pdb,/Users/ismailcherkaouiaadil/Downloads/dataset_Similarity_Prediction/original_training_set/images_2D/image_molecule_051a.svg,molecule_051a_56,46,27,"{""C"": 18, ""H"": 19, ""N"": 3, ""O"": 5, ""S"": 1}",/Users/ismailcherkaouiaadil/Downloads/dataset_Similarity_Prediction/original_training_set/conformers_3D/best_rocs_conformer_051b.pdb,/Users/ismailcherkaouiaadil/Downloads/dataset_Similarity_Prediction/original_training_set/images_2D/image_molecule_051b.svg,molecule_051b,42,25,"{""C"": 16, ""H"": 17, ""N"": 3, ""O"": 5, ""S"": 1}",-4,-2
052,True,True,/Users/ismailcherkaouiaadil/Downloads/dataset_Similarity_Prediction/original_training_set/conformers_3D/best_rocs_conformer_052a.pdb,/Users/ismailcherkaouiaadil/Downloads/dataset_Similarity_Prediction/original_training_set/images_2D/image_molecule_052a.svg,molecule_052a_33,33,17,"{""C"": 13, ""H"": 16, ""N"": 2, ""O"": 2}",/Users/ismailcherkaouiaadil/Downloads/dataset_Similarity_Prediction/original_training_set/conformers_3D/best_rocs_conformer_052b.pdb,/Users/ismailcherkaouiaadil/Downloads/dataset_Similarity_Prediction/original_training_set/images_2D/image_molecule_052b.svg,molecule_052b,42,20,"{""C"": 14, ""H"": 22, ""N"": 3, ""O"": 2, ""S"": 1}",9,3
053,True,True,/Users/ismailcherkaouiaadil/Downloads/dataset_Similarity_Prediction/original_training_set/conformers_3D/best_rocs_conformer_053a.pdb,/Users/ismailcherkaouiaadil/Downloads/dataset_Similarity_Prediction/original_training_set/images_2D/image_molecule_053a.svg,molecule_053a_162,62,30,"{""C"": 23, ""H"": 32, ""N"": 2, ""O"": 5}",/Users/ismailcherkaouiaadil/Downloads/dataset_Similarity_Prediction/original_training_set/conformers_3D/best_rocs_conformer_053b.pdb,/Users/ismailcherkaouiaadil/Downloads/dataset_Similarity_Prediction/original_training_set/images_2D/image_molecule_053b.svg,molecule_053b,55,29,"{""C"": 24, ""H"": 26, ""N"": 1, ""O"": 4}",-7,-1
054,True,True,/Users/ismailcherkaouiaadil/Downloads/dataset_Similarity_Prediction/original_training_set/conformers_3D/best_rocs_conformer_054a.pdb,/Users/ismailcherkaouiaadil/Downloads/dataset_Similarity_Prediction/original_training_set/images_2D/image_molecule_054a.svg,molecule_054a_3,35,25,"{""C"": 19, ""H"": 10, ""O"": 6}",/Users/ismailcherkaouiaadil/Downloads/dataset_Similarity_Prediction/original_training_set/conformers_3D/best_rocs_conformer_054b.pdb,/Users/ismailcherkaouiaadil/Downloads/dataset_Similarity_Prediction/original_training_set/images_2D/image_molecule_054b.svg,molecule_054b,38,23,"{""C"": 19, ""H"": 15, ""O"": 4}",3,-2
055,True,True,/Users/ismailcherkaouiaadil/Downloads/dataset_Similarity_Prediction/original_training_set/conformers_3D/best_rocs_conformer_055a.pdb,/Users/ismailcherkaouiaadil/Downloads/dataset_Similarity_Prediction/original_training_set/images_2D/image_molecule_055a.svg,molecule_055a_0,33,20,"{""C"": 16, ""CL"": 1, ""H"": 13, ""N"": 2, ""O"": 1}",/Users/ismailcherkaouiaadil/Downloads/dataset_Similarity_Prediction/original_training_set/conformers_3D/best_rocs_conformer_055b.pdb,/Users/ismailcherkaouiaadil/Downloads/dataset_Similarity_Prediction/original_training_set/images_2D/image_molecule_055b.svg,molecule_055b,44,23,"{""C"": 18, ""CL"": 1, ""H"": 21, ""N"": 4}",11,3
056,True,True,/Users/ismailcherkaouiaadil/Downloads/dataset_Similarity_Prediction/original_training_set/conformers_3D/best_rocs_conformer_056a.pdb,/Users/ismailcherkaouiaadil/Downloads/dataset_Similarity_Prediction/original_training_set/images_2D/image_molecule_056a.svg,molecule_056a_0,55,25,"{""C"": 22, ""H"": 30, ""O"": 3}",/Users/ismailcherkaouiaadil/Downloads/dataset_Similarity_Prediction/original_training_set/conformers_3D/best_rocs_conformer_056b.pdb,/Users/ismailcherkaouiaadil/Downloads/dataset_Similarity_Prediction/original_training_set/images_2D/image_molecule_056b.svg,molecule_056b,56,26,"{""C"": 21, ""H"": 30, ""O"": 5}",1,1
057,True,True,/Users/ismailcherkaouiaadil/Downloads/dataset_Similarity_Prediction/original_training_set/conformers_3D/best_rocs_conformer_057a.pdb,/Users/ismailcherkaouiaadil/Downloads/dataset_Similarity_Prediction/original_training_set/images_2D/image_molecule_057a.svg,molecule_057a_0,44,20,"{""C"": 18, ""H"": 24, ""O"": 2}",/Users/ismailcherkaouiaadil/Downloads/dataset_Similarity_Prediction/original_training_set/conformers_3D/best_rocs_conformer_057b.pdb,/Users/ismailcherkaouiaadil/Downloads/dataset_Similarity_Prediction/original_training_set/images_2D/image_molecule_057b.svg,molecule_057b,45,21,"{""C"": 18, ""H"": 24, ""O"": 3}",1,1
058,True,True,/Users/ismailcherkaouiaadil/Downloads/dataset_Similarity_Prediction/original_training_set/conformers_3D/best_rocs_conformer_058a.pdb,/Users/ismailcherkaouiaadil/Downloads/dataset_Similarity_Prediction/original_training_set/images_2D/image_molecule_058a.svg,molecule_058a_0,62,32,"{""C"": 24, ""F"": 2, ""H"": 30, ""O"": 6}",/Users/ismailcherkaouiaadil/Downloads/dataset_Similarity_Prediction/original_training_set/conformers_3D/best_rocs_conformer_058b.pdb,/Users/ismailcherkaouiaadil/Downloads/dataset_Similarity_Prediction/original_training_set/images_2D/image_molecule_058b.svg,molecule_058b,62,31,"{""C"": 24, ""F"": 1, ""H"": 31, ""O"": 6}",0,-1
059,True,True,/Users/ismailcherkaouiaadil/Downloads/dataset_Similarity_Prediction/original_training_set/conformers_3D/best_rocs_conformer_059a.pdb,/Users/ismailcherkaouiaadil/Downloads/dataset_Similarity_Prediction/original_training_set/images_2D/image_molecule_059a.svg,molecule_059a_47,48,22,"{""C"": 17, ""H"": 26, ""N"": 3, ""O"": 2}",/Users/ismailcherkaouiaadil/Downloads/dataset_Similarity_Prediction/original_training_set/conformers_3D/best_rocs_conformer_059b.pdb,/Users/ismailcherkaouiaadil/Downloads/dataset_Similarity_Prediction/original_training_set/images_2D/image_molecule_059b.svg,molecule_059b,27,12,"{""C"": 6, ""H"": 15, ""N"": 4, ""O"": 2}",-21,-10
060,True,True,/Users/ismailcherkaouiaadil/Downloads/dataset_Similarity_Prediction/original_training_set/conformers_3D/best_rocs_conformer_060a.pdb,/Users/ismailcherkaouiaadil/Downloads/dataset_Similarity_Prediction/original_training_set/images_2D/image_molecule_060a.svg,molecule_060a_23,39,19,"{""BR"": 1, ""C"": 16, ""H"": 20, ""N"": 2}",/Users/ismailcherkaouiaadil/Downloads/dataset_Similarity_Prediction/original_training_set/conformers_3D/best_rocs_conformer_060b.pdb,/Users/ismailcherkaouiaadil/Downloads/dataset_Similarity_Prediction/original_training_set/images_2D/image_molecule_060b.svg,molecule_060b,40,20,"{""C"": 16, ""CL"": 1, ""H"": 20, ""N"": 2, ""O"": 1}",1,1
061,True,True,/Users/ismailcherkaouiaadil/Downloads/dataset_Similarity_Prediction/original_training_set/conformers_3D/best_rocs_conformer_061a.pdb,/Users/ismailcherkaouiaadil/Downloads/dataset_Similarity_Prediction/original_training_set/images_2D/image_molecule_061a.svg,molecule_061a_3,31,21,"{""C"": 15, ""CL"": 2, ""H"": 10, ""N"": 2, ""O"": 2}",/Users/ismailcherkaouiaadil/Downloads/dataset_Similarity_Prediction/original_training_set/conformers_3D/best_rocs_conformer_061b.pdb,/Users/ismailcherkaouiaadil/Downloads/dataset_Similarity_Prediction/original_training_set/images_2D/image_molecule_061b.svg,molecule_061b,42,22,"{""C"": 17, ""H"": 20, ""N"": 1, ""O"": 4}",11,1
062,True,True,/Users/ismailcherkaouiaadil/Downloads/dataset_Similarity_Prediction/original_training_set/conformers_3D/best_rocs_conformer_062a.pdb,/Users/ismailcherkaouiaadil/Downloads/dataset_Similarity_Prediction/original_training_set/images_2D/image_molecule_062a.svg,molecule_062a_3,23,12,"{""C"": 9, ""H"": 11, ""N"": 1, ""O"": 2}",/Users/ismailcherkaouiaadil/Downloads/dataset_Similarity_Prediction/original_training_set/conformers_3D/best_rocs_conformer_062b.pdb,/Users/ismailcherkaouiaadil/Downloads/dataset_Similarity_Prediction/original_training_set/images_2D/image_molecule_062b.svg,molecule_062b,32,15,"{""C"": 13, ""H"": 17, ""O"": 2}",9,3
063,True,True,/Users/ismailcherkaouiaadil/Downloads/dataset_Similarity_Prediction/original_training_set/conformers_3D/best_rocs_conformer_063a.pdb,/Users/ismailcherkaouiaadil/Downloads/dataset_Similarity_Prediction/original_training_set/images_2D/image_molecule_063a.svg,molecule_063a_15,25,10,"{""C"": 6, ""H"": 15, ""N"": 2, ""O"": 2}",/Users/ismailcherkaouiaadil/Downloads/dataset_Similarity_Prediction/original_training_set/conformers_3D/best_rocs_conformer_063b.pdb,/Users/ismailcherkaouiaadil/Downloads/dataset_Similarity_Prediction/original_training_set/images_2D/image_molecule_063b.svg,molecule_063b,24,16,"{""C"": 10, ""CL"": 2, ""H"": 8, ""N"": 3, ""O"": 1}",-1,6
064,True,True,/Users/ismailcherkaouiaadil/Downloads/dataset_Similarity_Prediction/original_training_set/conformers_3D/best_rocs_conformer_064a.pdb,/Users/ismailcherkaouiaadil/Downloads/dataset_Similarity_Prediction/original_training_set/images_2D/image_molecule_064a.svg,molecule_064a_1,15,10,"{""C"": 7, ""H"": 5, ""O"": 3}",/Users/ismailcherkaouiaadil/Downloads/dataset_Similarity_Prediction/original_training_set/conformers_3D/best_rocs_conformer_064b.pdb,/Users/ismailcherkaouiaadil/Downloads/dataset_Similarity_Prediction/original_training_set/images_2D/image_molecule_064b.svg,molecule_064b,21,13,"{""C"": 11, ""H"": 8, ""O"": 2}",6,3
065,True,True,/Users/ismailcherkaouiaadil/Downloads/dataset_Similarity_Prediction/original_training_set/conformers_3D/best_rocs_conformer_065a.pdb,/Users/ismailcherkaouiaadil/Downloads/dataset_Similarity_Prediction/original_training_set/images_2D/image_molecule_065a.svg,molecule_065a_0,56,27,"{""C"": 22, ""F"": 1, ""H"": 29, ""O"": 4}",/Users/ismailcherkaouiaadil/Downloads/dataset_Similarity_Prediction/original_training_set/conformers_3D/best_rocs_conformer_065b.pdb,/Users/ismailcherkaouiaadil/Downloads/dataset_Similarity_Prediction/original_training_set/images_2D/image_molecule_065b.svg,molecule_065b,57,28,"{""C"": 22, ""F"": 1, ""H"": 29, ""O"": 5}",1,1
066,True,True,/Users/ismailcherkaouiaadil/Downloads/dataset_Similarity_Prediction/original_training_set/conformers_3D/best_rocs_conformer_066a.pdb,/Users/ismailcherkaouiaadil/Downloads/dataset_Similarity_Prediction/original_training_set/images_2D/image_molecule_066a.svg,molecule_066a_16,46,29,"{""C"": 19, ""CL"": 1, ""H"": 17, ""N"": 3, ""O"": 5, ""S"": 1}",/Users/ismailcherkaouiaadil/Downloads/dataset_Similarity_Prediction/original_training_set/conformers_3D/best_rocs_conformer_066b.pdb,/Users/ismailcherkaouiaadil/Downloads/dataset_Similarity_Prediction/original_training_set/images_2D/image_molecule_066b.svg,molecule_066b,46,30,"{""C"": 19, ""CL"": 2, ""H"": 16, ""N"": 3, ""O"": 5, ""S"": 1}",0,1
067,True,True,/Users/ismailcherkaouiaadil/Downloads/dataset_Similarity_Prediction/original_training_set/conformers_3D/best_rocs_conformer_067a.pdb,/Users/ismailcherkaouiaadil/Downloads/dataset_Similarity_Prediction/original_training_set/images_2D/image_molecule_067a.svg,molecule_067a_0,45,23,"{""C"": 18, ""H"": 22, ""N"": 1, ""O"": 4}",/Users/ismailcherkaouiaadil/Downloads/dataset_Similarity_Prediction/original_training_set/conformers_3D/best_rocs_conformer_067b.pdb,/Users/ismailcherkaouiaadil/Downloads/dataset_Similarity_Prediction/original_training_set/images_2D/image_molecule_067b.svg,molecule_067b,44,22,"{""C"": 18, ""H"": 22, ""N"": 1, ""O"": 3}",-1,-1
068,True,True,/Users/ismailcherkaouiaadil/Downloads/dataset_Similarity_Prediction/original_training_set/conformers_3D/best_rocs_conformer_068a.pdb,/Users/ismailcherkaouiaadil/Downloads/dataset_Similarity_Prediction/original_training_set/images_2D/image_molecule_068a.svg,molecule_068a_0,62,30,"{""C"": 24, ""H"": 32, ""O"": 6}",/Users/ismailcherkaouiaadil/Downloads/dataset_Similarity_Prediction/original_training_set/conformers_3D/best_rocs_conformer_068b.pdb,/Users/ismailcherkaouiaadil/Downloads/dataset_Similarity_Prediction/original_training_set/images_2D/image_molecule_068b.svg,molecule_068b,54,26,"{""C"": 21, ""H"": 28, ""O"": 5}",-8,-4
069,True,True,/Users/ismailcherkaouiaadil/Downloads/dataset_Similarity_Prediction/original_training_set/conformers_3D/best_rocs_conformer_069a.pdb,/Users/ismailcherkaouiaadil/Downloads/dataset_Similarity_Prediction/original_training_set/images_2D/image_molecule_069a.svg,molecule_069a_125,58,26,"{""C"": 22, ""H"": 32, ""N"": 1, ""O"": 3}",/Users/ismailcherkaouiaadil/Downloads/dataset_Similarity_Prediction/original_training_set/conformers_3D/best_rocs_conformer_069b.pdb,/Users/ismailcherkaouiaadil/Downloads/dataset_Similarity_Prediction/original_training_set/images_2D/image_molecule_069b.svg,molecule_069b,47,21,"{""C"": 17, ""H"": 26, ""N"": 1, ""O"": 3}",-11,-5
070,True,True,/Users/ismailcherkaouiaadil/Downloads/dataset_Similarity_Prediction/original_training_set/conformers_3D/best_rocs_conformer_070a.pdb,/Users/ismailcherkaouiaadil/Downloads/dataset_Similarity_Prediction/original_training_set/images_2D/image_molecule_070a.svg,molecule_070a_48,35,21,"{""C"": 12, ""H"": 14, ""N"": 4, ""O"": 4, ""S"": 1}",/Users/ismailcherkaouiaadil/Downloads/dataset_Similarity_Prediction/original_training_set/conformers_3D/best_rocs_conformer_070b.pdb,/Users/ismailcherkaouiaadil/Downloads/dataset_Similarity_Prediction/original_training_set/images_2D/image_molecule_070b.svg,molecule_070b,35,18,"{""C"": 12, ""H"": 17, ""N"": 4, ""O"": 1, ""S"": 1}",0,-3
071,True,True,/Users/ismailcherkaouiaadil/Downloads/dataset_Similarity_Prediction/original_training_set/conformers_3D/best_rocs_conformer_071a.pdb,/Users/ismailcherkaouiaadil/Downloads/dataset_Similarity_Prediction/original_training_set/images_2D/image_molecule_071a.svg,molecule_071a_181,52,22,"{""C"": 18, ""H"": 30, ""N"": 1, ""O"": 3}",/Users/ismailcherkaouiaadil/Downloads/dataset_Similarity_Prediction/original_training_set/conformers_3D/best_rocs_conformer_071b.pdb,/Users/ismailcherkaouiaadil/Downloads/dataset_Similarity_Prediction/original_training_set/images_2D/image_molecule_071b.svg,molecule_071b,45,19,"{""C"": 15, ""H"": 26, ""N"": 1, ""O"": 3}",-7,-3
072,True,True,/Users/ismailcherkaouiaadil/Downloads/dataset_Similarity_Prediction/original_training_set/conformers_3D/best_rocs_conformer_072a.pdb,/Users/ismailcherkaouiaadil/Downloads/dataset_Similarity_Prediction/original_training_set/images_2D/image_molecule_072a.svg,molecule_072a_3,47,28,"{""C"": 19, ""H"": 19, ""N"": 3, ""O"": 6}",/Users/ismailcherkaouiaadil/Downloads/dataset_Similarity_Prediction/original_training_set/conformers_3D/best_rocs_conformer_072b.pdb,/Users/ismailcherkaouiaadil/Downloads/dataset_Similarity_Prediction/original_training_set/images_2D/image_molecule_072b.svg,molecule_072b,43,25,"{""C"": 17, ""H"": 18, ""N"": 2, ""O"": 6}",-4,-3
073,True,True,/Users/ismailcherkaouiaadil/Downloads/dataset_Similarity_Prediction/original_training_set/conformers_3D/best_rocs_conformer_073a.pdb,/Users/ismailcherkaouiaadil/Downloads/dataset_Similarity_Prediction/original_training_set/images_2D/image_molecule_073a.svg,molecule_073a_1,20,11,"{""C"": 6, ""H"": 9, ""N"": 3, ""O"": 2}",/Users/ismailcherkaouiaadil/Downloads/dataset_Similarity_Prediction/original_training_set/conformers_3D/best_rocs_conformer_073b.pdb,/Users/ismailcherkaouiaadil/Downloads/dataset_Similarity_Prediction/original_training_set/images_2D/image_molecule_073b.svg,molecule_073b,27,11,"{""C"": 10, ""H"": 16, ""N"": 1}",7,0
074,True,True,/Users/ismailcherkaouiaadil/Downloads/dataset_Similarity_Prediction/original_training_set/conformers_3D/best_rocs_conformer_074a.pdb,/Users/ismailcherkaouiaadil/Downloads/dataset_Similarity_Prediction/original_training_set/images_2D/image_molecule_074a.svg,molecule_074a_15,20,11,"{""C"": 6, ""H"": 9, ""N"": 3, ""O"": 2}",/Users/ismailcherkaouiaadil/Downloads/dataset_Similarity_Prediction/original_training_set/conformers_3D/best_rocs_conformer_074b.pdb,/Users/ismailcherkaouiaadil/Downloads/dataset_Similarity_Prediction/original_training_set/images_2D/image_molecule_074b.svg,molecule_074b,23,12,"{""C"": 8, ""H"": 11, ""N"": 1, ""O"": 3}",3,1
075,True,True,/Users/ismailcherkaouiaadil/Downloads/dataset_Similarity_Prediction/original_training_set/conformers_3D/best_rocs_conformer_075a.pdb,/Users/ismailcherkaouiaadil/Downloads/dataset_Similarity_Prediction/original_training_set/images_2D/image_molecule_075a.svg,molecule_075a_46,61,31,"{""C"": 22, ""H"": 30, ""N"": 2, ""O"": 5, ""S"": 2}",/Users/ismailcherkaouiaadil/Downloads/dataset_Similarity_Prediction/original_training_set/conformers_3D/best_rocs_conformer_075b.pdb,/Users/ismailcherkaouiaadil/Downloads/dataset_Similarity_Prediction/original_training_set/images_2D/image_molecule_075b.svg,molecule_075b,55,27,"{""C"": 20, ""H"": 28, ""N"": 2, ""O"": 5}",-6,-4
076,True,True,/Users/ismailcherkaouiaadil/Downloads/dataset_Similarity_Prediction/original_training_set/conformers_3D/best_rocs_conformer_076a.pdb,/Users/ismailcherkaouiaadil/Downloads/dataset_Similarity_Prediction/original_training_set/images_2D/image_molecule_076a.svg,molecule_076a_16,54,28,"{""C"": 22, ""H"": 26, ""N"": 2, ""O"": 4}",/Users/ismailcherkaouiaadil/Downloads/dataset_Similarity_Prediction/original_training_set/conformers_3D/best_rocs_conformer_076b.pdb,/Users/ismailcherkaouiaadil/Downloads/dataset_Similarity_Prediction/original_training_set/images_2D/image_molecule_076b.svg,molecule_076b,47,22,"{""C"": 20, ""H"": 25, ""N"": 2}",-7,-6
077,True,True,/Users/ismailcherkaouiaadil/Downloads/dataset_Similarity_Prediction/original_training_set/conformers_3D/best_rocs_conformer_077a.pdb,/Users/ismailcherkaouiaadil/Downloads/dataset_Similarity_Prediction/original_training_set/images_2D/image_molecule_077a.svg,molecule_077a_1,44,21,"{""C"": 18, ""H"": 23, ""N"": 2, ""S"": 1}",/Users/ismailcherkaouiaadil/Downloads/dataset_Similarity_Prediction/original_training_set/conformers_3D/best_rocs_conformer_077b.pdb,/Users/ismailcherkaouiaadil/Downloads/dataset_Similarity_Prediction/original_training_set/images_2D/image_molecule_077b.svg,molecule_077b,48,23,"{""C"": 19, ""H"": 25, ""N"": 2, ""O"": 1, ""S"": 1}",4,2
078,True,True,/Users/ismailcherkaouiaadil/Downloads/dataset_Similarity_Prediction/original_training_set/conformers_3D/best_rocs_conformer_078a.pdb,/Users/ismailcherkaouiaadil/Downloads/dataset_Similarity_Prediction/original_training_set/images_2D/image_molecule_078a.svg,molecule_078a_44,33,21,"{""C"": 14, ""H"": 12, ""N"": 6, ""O"": 1}",/Users/ismailcherkaouiaadil/Downloads/dataset_Similarity_Prediction/original_training_set/conformers_3D/best_rocs_conformer_078b.pdb,/Users/ismailcherkaouiaadil/Downloads/dataset_Similarity_Prediction/original_training_set/images_2D/image_molecule_078b.svg,molecule_078b,47,23,"{""C"": 18, ""H"": 24, ""N"": 1, ""O"": 4}",14,2
079,True,True,/Users/ismailcherkaouiaadil/Downloads/dataset_Similarity_Prediction/original_training_set/conformers_3D/best_rocs_conformer_079a.pdb,/Users/ismailcherkaouiaadil/Downloads/dataset_Similarity_Prediction/original_training_set/images_2D/image_molecule_079a.svg,molecule_079a_17,48,26,"{""C"": 19, ""H"": 22, ""N"": 5, ""O"": 2}",/Users/ismailcherkaouiaadil/Downloads/dataset_Similarity_Prediction/original_training_set/conformers_3D/best_rocs_conformer_079b.pdb,/Users/ismailcherkaouiaadil/Downloads/dataset_Similarity_Prediction/original_training_set/images_2D/image_molecule_079b.svg,molecule_079b,39,19,"{""BR"": 1, ""C"": 16, ""H"": 20, ""N"": 2}",-9,-7
080,True,True,/Users/ismailcherkaouiaadil/Downloads/dataset_Similarity_Prediction/original_training_set/conformers_3D/best_rocs_conformer_080a.pdb,/Users/ismailcherkaouiaadil/Downloads/dataset_Similarity_Prediction/original_training_set/images_2D/image_molecule_080a.svg,molecule_080a_0,40,18,"{""C"": 15, ""H"": 22, ""N"": 1, ""O"": 2}",/Users/ismailcherkaouiaadil/Downloads/dataset_Similarity_Prediction/original_training_set/conformers_3D/best_rocs_conformer_080b.pdb,/Users/ismailcherkaouiaadil/Downloads/dataset_Similarity_Prediction/original_training_set/images_2D/image_molecule_080b.svg,molecule_080b,40,18,"{""C"": 15, ""H"": 22, ""N"": 1, ""O"": 2}",0,0
081,True,True,/Users/ismailcherkaouiaadil/Downloads/dataset_Similarity_Prediction/original_training_set/conformers_3D/best_rocs_conformer_081a.pdb,/Users/ismailcherkaouiaadil/Downloads/dataset_Similarity_Prediction/original_training_set/images_2D/image_molecule_081a.svg,molecule_081a_34,45,21,"{""C"": 17, ""H"": 24, ""N"": 1, ""O"": 3}",/Users/ismailcherkaouiaadil/Downloads/dataset_Similarity_Prediction/original_training_set/conformers_3D/best_rocs_conformer_081b.pdb,/Users/ismailcherkaouiaadil/Downloads/dataset_Similarity_Prediction/original_training_set/images_2D/image_molecule_081b.svg,molecule_081b,57,28,"{""C"": 20, ""H"": 29, ""N"": 2, ""O"": 5, ""S"": 1}",12,7
082,True,True,/Users/ismailcherkaouiaadil/Downloads/dataset_Similarity_Prediction/original_training_set/conformers_3D/best_rocs_conformer_082a.pdb,/Users/ismailcherkaouiaadil/Downloads/dataset_Similarity_Prediction/original_training_set/images_2D/image_molecule_082a.svg,molecule_082a_5,28,17,"{""C"": 9, ""H"": 11, ""I"": 1, ""N"": 2, ""O"": 5}",/Users/ismailcherkaouiaadil/Downloads/dataset_Similarity_Prediction/original_training_set/conformers_3D/best_rocs_conformer_082b.pdb,/Users/ismailcherkaouiaadil/Downloads/dataset_Similarity_Prediction/original_training_set/images_2D/image_molecule_082b.svg,molecule_082b,31,17,"{""C"": 10, ""H"": 14, ""N"": 2, ""O"": 5}",3,0
083,True,True,/Users/ismailcherkaouiaadil/Downloads/dataset_Similarity_Prediction/original_training_set/conformers_3D/best_rocs_conformer_083a.pdb,/Users/ismailcherkaouiaadil/Downloads/dataset_Similarity_Prediction/original_training_set/images_2D/image_molecule_083a.svg,molecule_083a_11,53,29,"{""C"": 21, ""F"": 1, ""H"": 24, ""N"": 3, ""O"": 4}",/Users/ismailcherkaouiaadil/Downloads/dataset_Similarity_Prediction/original_training_set/conformers_3D/best_rocs_conformer_083b.pdb,/Users/ismailcherkaouiaadil/Downloads/dataset_Similarity_Prediction/original_training_set/images_2D/image_molecule_083b.svg,molecule_083b,41,23,"{""C"": 16, ""F"": 1, ""H"": 18, ""N"": 3, ""O"": 3}",-12,-6
084,True,True,/Users/ismailcherkaouiaadil/Downloads/dataset_Similarity_Prediction/original_training_set/conformers_3D/best_rocs_conformer_084a.pdb,/Users/ismailcherkaouiaadil/Downloads/dataset_Similarity_Prediction/original_training_set/images_2D/image_molecule_084a.svg,molecule_084a_3,34,16,"{""C"": 11, ""H"": 18, ""N"": 2, ""O"": 3}",/Users/ismailcherkaouiaadil/Downloads/dataset_Similarity_Prediction/original_training_set/conformers_3D/best_rocs_conformer_084b.pdb,/Users/ismailcherkaouiaadil/Downloads/dataset_Similarity_Prediction/original_training_set/images_2D/image_molecule_084b.svg,molecule_084b,35,17,"{""C"": 12, ""H"": 18, ""N"": 2, ""O"": 3}",1,1
085,True,True,/Users/ismailcherkaouiaadil/Downloads/dataset_Similarity_Prediction/original_training_set/conformers_3D/best_rocs_conformer_085a.pdb,/Users/ismailcherkaouiaadil/Downloads/dataset_Similarity_Prediction/original_training_set/images_2D/image_molecule_085a.svg,molecule_085a_40,25,10,"{""C"": 6, ""H"": 15, ""N"": 2, ""O"": 2}",/Users/ismailcherkaouiaadil/Downloads/dataset_Similarity_Prediction/original_training_set/conformers_3D/best_rocs_conformer_085b.pdb,/Users/ismailcherkaouiaadil/Downloads/dataset_Similarity_Prediction/original_training_set/images_2D/image_molecule_085b.svg,molecule_085b,22,9,"{""C"": 5, ""H"": 13, ""N"": 2, ""O"": 2}",-3,-1
086,True,True,/Users/ismailcherkaouiaadil/Downloads/dataset_Similarity_Prediction/original_training_set/conformers_3D/best_rocs_conformer_086a.pdb,/Users/ismailcherkaouiaadil/Downloads/dataset_Similarity_Prediction/original_training_set/images_2D/image_molecule_086a.svg,molecule_086a_134,43,19,"{""C"": 16, ""H"": 24, ""N"": 1, ""O"": 2}",/Users/ismailcherkaouiaadil/Downloads/dataset_Similarity_Prediction/original_training_set/conformers_3D/best_rocs_conformer_086b.pdb,/Users/ismailcherkaouiaadil/Downloads/dataset_Similarity_Prediction/original_training_set/images_2D/image_molecule_086b.svg,molecule_086b,25,12,"{""C"": 6, ""H"": 13, ""N"": 3, ""O"": 3}",-18,-7
087,True,True,/Users/ismailcherkaouiaadil/Downloads/dataset_Similarity_Prediction/original_training_set/conformers_3D/best_rocs_conformer_087a.pdb,/Users/ismailcherkaouiaadil/Downloads/dataset_Similarity_Prediction/original_training_set/images_2D/image_molecule_087a.svg,molecule_087a_17,28,15,"{""C"": 10, ""H"": 13, ""N"": 1, ""O"": 4}",/Users/ismailcherkaouiaadil/Downloads/dataset_Similarity_Prediction/original_training_set/conformers_3D/best_rocs_conformer_087b.pdb,/Users/ismailcherkaouiaadil/Downloads/dataset_Similarity_Prediction/original_training_set/images_2D/image_molecule_087b.svg,molecule_087b,24,13,"{""C"": 9, ""H"": 11, ""N"": 1, ""O"": 3}",-4,-2
088,True,True,/Users/ismailcherkaouiaadil/Downloads/dataset_Similarity_Prediction/original_training_set/conformers_3D/best_rocs_conformer_088a.pdb,/Users/ismailcherkaouiaadil/Downloads/dataset_Similarity_Prediction/original_training_set/images_2D/image_molecule_088a.svg,molecule_088a_2,20,10,"{""C"": 5, ""H"": 10, ""N"": 2, ""O"": 3}",/Users/ismailcherkaouiaadil/Downloads/dataset_Similarity_Prediction/original_training_set/conformers_3D/best_rocs_conformer_088b.pdb,/Users/ismailcherkaouiaadil/Downloads/dataset_Similarity_Prediction/original_training_set/images_2D/image_molecule_088b.svg,molecule_088b,30,18,"{""C"": 8, ""H"": 12, ""N"": 3, ""O"": 6, ""P"": 1}",10,8
089,True,True,/Users/ismailcherkaouiaadil/Downloads/dataset_Similarity_Prediction/original_training_set/conformers_3D/best_rocs_conformer_089a.pdb,/Users/ismailcherkaouiaadil/Downloads/dataset_Similarity_Prediction/original_training_set/images_2D/image_molecule_089a.svg,molecule_089a_109,62,30,"{""C"": 24, ""H"": 32, ""N"": 3, ""O"": 2, ""S"": 1}",/Users/ismailcherkaouiaadil/Downloads/dataset_Similarity_Prediction/original_training_set/conformers_3D/best_rocs_conformer_089b.pdb,/Users/ismailcherkaouiaadil/Downloads/dataset_Similarity_Prediction/original_training_set/images_2D/image_molecule_089b.svg,molecule_089b,59,29,"{""C"": 23, ""H"": 30, ""N"": 3, ""O"": 2, ""S"": 1}",-3,-1
090,True,True,/Users/ismailcherkaouiaadil/Downloads/dataset_Similarity_Prediction/original_training_set/conformers_3D/best_rocs_conformer_090a.pdb,/Users/ismailcherkaouiaadil/Downloads/dataset_Similarity_Prediction/original_training_set/images_2D/image_molecule_090a.svg,molecule_090a_22,39,17,"{""C"": 13, ""H"": 22, ""N"": 1, ""O"": 3}",/Users/ismailcherkaouiaadil/Downloads/dataset_Similarity_Prediction/original_training_set/conformers_3D/best_rocs_conformer_090b.pdb,/Users/ismailcherkaouiaadil/Downloads/dataset_Similarity_Prediction/original_training_set/images_2D/image_molecule_090b.svg,molecule_090b,36,19,"{""C"": 10, ""H"": 17, ""N"": 2, ""O"": 4, ""S"": 3}",-3,2
091,True,True,/Users/ismailcherkaouiaadil/Downloads/dataset_Similarity_Prediction/original_training_set/conformers_3D/best_rocs_conformer_091a.pdb,/Users/ismailcherkaouiaadil/Downloads/dataset_Similarity_Prediction/original_training_set/images_2D/image_molecule_091a.svg,molecule_091a_0,35,23,"{""C"": 16, ""F"": 1, ""H"": 12, ""N"": 3, ""O"": 3}",/Users/ismailcherkaouiaadil/Downloads/dataset_Similarity_Prediction/original_training_set/conformers_3D/best_rocs_conformer_091b.pdb,/Users/ismailcherkaouiaadil/Downloads/dataset_Similarity_Prediction/original_training_set/images_2D/image_molecule_091b.svg,molecule_091b,33,20,"{""C"": 16, ""CL"": 1, ""H"": 13, ""N"": 2, ""O"": 1}",-2,-3
092,True,True,/Users/ismailcherkaouiaadil/Downloads/dataset_Similarity_Prediction/original_training_set/conformers_3D/best_rocs_conformer_092a.pdb,/Users/ismailcherkaouiaadil/Downloads/dataset_Similarity_Prediction/original_training_set/images_2D/image_molecule_092a.svg,molecule_092a_4,56,26,"{""C"": 21, ""H"": 30, ""O"": 5}",/Users/ismailcherkaouiaadil/Downloads/dataset_Similarity_Prediction/original_training_set/conformers_3D/best_rocs_conformer_092b.pdb,/Users/ismailcherkaouiaadil/Downloads/dataset_Similarity_Prediction/original_training_set/images_2D/image_molecule_092b.svg,molecule_092b,54,26,"{""C"": 21, ""H"": 28, ""O"": 5}",-2,0
093,True,True,/Users/ismailcherkaouiaadil/Downloads/dataset_Similarity_Prediction/original_training_set/conformers_3D/best_rocs_conformer_093a.pdb,/Users/ismailcherkaouiaadil/Downloads/dataset_Similarity_Prediction/original_training_set/images_2D/image_molecule_093a.svg,molecule_093a_133,42,26,"{""C"": 16, ""H"": 16, ""N"": 5, ""O"": 4, ""S"": 1}",/Users/ismailcherkaouiaadil/Downloads/dataset_Similarity_Prediction/original_training_set/conformers_3D/best_rocs_conformer_093b.pdb,/Users/ismailcherkaouiaadil/Downloads/dataset_Similarity_Prediction/original_training_set/images_2D/image_molecule_093b.svg,molecule_093b,43,19,"{""C"": 16, ""H"": 24, ""N"": 1, ""O"": 2}",1,-7
094,True,True,/Users/ismailcherkaouiaadil/Downloads/dataset_Similarity_Prediction/original_training_set/conformers_3D/best_rocs_conformer_094a.pdb,/Users/ismailcherkaouiaadil/Downloads/dataset_Similarity_Prediction/original_training_set/images_2D/image_molecule_094a.svg,molecule_094a_13,41,18,"{""C"": 14, ""CL"": 1, ""H"": 23, ""N"": 1, ""O"": 2}",/Users/ismailcherkaouiaadil/Downloads/dataset_Similarity_Prediction/original_training_set/conformers_3D/best_rocs_conformer_094b.pdb,/Users/ismailcherkaouiaadil/Downloads/dataset_Similarity_Prediction/original_training_set/images_2D/image_molecule_094b.svg,molecule_094b,50,22,"{""C"": 17, ""H"": 28, ""N"": 1, ""O"": 4}",9,4
095,True,True,/Users/ismailcherkaouiaadil/Downloads/dataset_Similarity_Prediction/original_training_set/conformers_3D/best_rocs_conformer_095a.pdb,/Users/ismailcherkaouiaadil/Downloads/dataset_Similarity_Prediction/original_training_set/images_2D/image_molecule_095a.svg,molecule_095a_13,42,20,"{""C"": 19, ""H"": 22, ""N"": 1}",/Users/ismailcherkaouiaadil/Downloads/dataset_Similarity_Prediction/original_training_set/conformers_3D/best_rocs_conformer_095b.pdb,/Users/ismailcherkaouiaadil/Downloads/dataset_Similarity_Prediction/original_training_set/images_2D/image_molecule_095b.svg,molecule_095b,46,24,"{""C"": 20, ""F"": 1, ""H"": 22, ""N"": 2, ""O"": 1}",4,4
096,True,True,/Users/ismailcherkaouiaadil/Downloads/dataset_Similarity_Prediction/original_training_set/conformers_3D/best_rocs_conformer_096a.pdb,/Users/ismailcherkaouiaadil/Downloads/dataset_Similarity_Prediction/original_training_set/images_2D/image_molecule_096a.svg,molecule_096a_2,64,32,"{""C"": 25, ""CL"": 1, ""F"": 1, ""H"": 32, ""O"": 5}",/Users/ismailcherkaouiaadil/Downloads/dataset_Similarity_Prediction/original_training_set/conformers_3D/best_rocs_conformer_096b.pdb,/Users/ismailcherkaouiaadil/Downloads/dataset_Similarity_Prediction/original_training_set/images_2D/image_molecule_096b.svg,molecule_096b,61,29,"{""C"": 24, ""H"": 32, ""O"": 4, ""S"": 1}",-3,-3
097,True,True,/Users/ismailcherkaouiaadil/Downloads/dataset_Similarity_Prediction/original_training_set/conformers_3D/best_rocs_conformer_097a.pdb,/Users/ismailcherkaouiaadil/Downloads/dataset_Similarity_Prediction/original_training_set/images_2D/image_molecule_097a.svg,molecule_097a_3,27,13,"{""C"": 9, ""H"": 14, ""N"": 1, ""O"": 3}",/Users/ismailcherkaouiaadil/Downloads/dataset_Similarity_Prediction/original_training_set/conformers_3D/best_rocs_conformer_097b.pdb,/Users/ismailcherkaouiaadil/Downloads/dataset_Similarity_Prediction/original_training_set/images_2D/image_molecule_097b.svg,molecule_097b,25,11,"{""C"": 9, ""H"": 14, ""N"": 1, ""O"": 1}",-2,-2
098,True,True,/Users/ismailcherkaouiaadil/Downloads/dataset_Similarity_Prediction/original_training_set/conformers_3D/best_rocs_conformer_098a.pdb,/Users/ismailcherkaouiaadil/Downloads/dataset_Similarity_Prediction/original_training_set/images_2D/image_molecule_098a.svg,molecule_098a_0,40,18,"{""C"": 15, ""H"": 22, ""N"": 1, ""O"": 2}",/Users/ismailcherkaouiaadil/Downloads/dataset_Similarity_Prediction/original_training_set/conformers_3D/best_rocs_conformer_098b.pdb,/Users/ismailcherkaouiaadil/Downloads/dataset_Similarity_Prediction/original_training_set/images_2D/image_molecule_098b.svg,molecule_098b,24,13,"{""C"": 9, ""H"": 11, ""N"": 1, ""O"": 3}",-16,-5
099,True,True,/Users/ismailcherkaouiaadil/Downloads/dataset_Similarity_Prediction/original_training_set/conformers_3D/best_rocs_conformer_099a.pdb,/Users/ismailcherkaouiaadil/Downloads/dataset_Similarity_Prediction/original_training_set/images_2D/image_molecule_099a.svg,molecule_099a_0,62,31,"{""C"": 24, ""F"": 1, ""H"": 31, ""O"": 6}",/Users/ismailcherkaouiaadil/Downloads/dataset_Similarity_Prediction/original_training_set/conformers_3D/best_rocs_conformer_099b.pdb,/Users/ismailcherkaouiaadil/Downloads/dataset_Similarity_Prediction/original_training_set/images_2D/image_molecule_099b.svg,molecule_099b,57,27,"{""C"": 22, ""H"": 30, ""O"": 5}",-5,-4
100,True,True,/Users/ismailcherkaouiaadil/Downloads/dataset_Similarity_Prediction/original_training_set/conformers_3D/best_rocs_conformer_100a.pdb,/Users/ismailcherkaouiaadil/Downloads/dataset_Similarity_Prediction/original_training_set/images_2D/image_molecule_100a.svg,molecule_100a_11,67,35,"{""C"": 26, ""F"": 2, ""H"": 32, ""O"": 7}",/Users/ismailcherkaouiaadil/Downloads/dataset_Similarity_Prediction/original_training_set/conformers_3D/best_rocs_conformer_100b.pdb,/Users/ismailcherkaouiaadil/Downloads/dataset_Similarity_Prediction/original_training_set/images_2D/image_molecule_100b.svg,molecule_100b,62,32,"{""C"": 24, ""F"": 2, ""H"": 30, ""O"": 6}",-5,-3
